frame,track_id,event,det_x1,det_y1,det_x2,det_y2,confidence,source,zone,state,missed_frames,pred_cx,pred_cy,actual_cx,actual_cy,distance_error,scale_ratio,track_identity_confidence,matched_track_id,association_cost
1,1,NEW,0.0,0.0,0.0,0.0,0.744,NONE,MEDIUM,Candidate,0,378.0,352.2,378.0,352.2,0.00,1.00,0.50,-1,0.000
1,2,NEW,0.0,0.0,0.0,0.0,0.722,NONE,NEAR,Candidate,0,830.3,557.0,830.3,557.0,0.00,1.00,0.50,-1,0.000
1,3,NEW,0.0,0.0,0.0,0.0,0.721,NONE,FAR,Candidate,0,921.9,280.0,921.9,280.0,0.00,1.00,0.50,-1,0.000
1,4,NEW,0.0,0.0,0.0,0.0,0.689,NONE,NEAR,Candidate,0,64.4,470.6,64.4,470.6,0.00,1.00,0.50,-1,0.000
1,5,NEW,0.0,0.0,0.0,0.0,0.649,NONE,MEDIUM,Candidate,0,729.1,403.8,729.1,403.8,0.00,1.00,0.50,-1,0.000
1,6,NEW,0.0,0.0,0.0,0.0,0.635,NONE,MEDIUM,Candidate,0,665.3,409.0,665.3,409.0,0.00,1.00,0.50,-1,0.000
1,7,NEW,0.0,0.0,0.0,0.0,0.575,NONE,MEDIUM,Candidate,0,839.9,387.3,839.9,387.3,0.00,1.00,0.50,-1,0.000
1,8,NEW,0.0,0.0,0.0,0.0,0.550,NONE,MEDIUM,Candidate,0,873.1,401.8,873.1,401.8,0.00,1.00,0.50,-1,0.000
1,9,NEW,0.0,0.0,0.0,0.0,0.386,NONE,FAR,Candidate,0,1021.0,99.5,1021.0,99.5,0.00,1.00,0.50,-1,0.000
1,10,NEW,0.0,0.0,0.0,0.0,0.336,NONE,MEDIUM,Candidate,0,870.0,320.7,870.0,320.7,0.00,1.00,0.50,-1,0.000
1,11,NEW,0.0,0.0,0.0,0.0,0.311,NONE,MEDIUM,Candidate,0,429.4,339.3,429.4,339.3,0.00,1.00,0.50,-1,0.000
1,13,NEW,0.0,0.0,0.0,0.0,0.257,NONE,MEDIUM,Candidate,0,866.8,312.5,866.8,312.5,0.00,1.00,0.50,-1,0.000
2,1,MATCHED,377.0,343.1,390.8,359.3,0.697,NONE,MEDIUM,Confirmed,0,381.8,351.6,383.9,351.2,2.11,1.00,0.60,5,0.276
2,2,MATCHED,809.8,531.3,849.8,600.5,0.752,NONE,NEAR,Confirmed,0,830.0,562.8,829.8,565.9,3.10,1.00,0.60,4,0.217
2,3,MATCHED,916.5,272.5,925.4,289.9,0.911,NONE,FAR,Confirmed,0,921.3,280.8,921.0,281.2,0.51,1.00,0.60,1,0.073
2,4,MATCHED,63.4,446.4,95.0,487.9,0.763,NONE,NEAR,Confirmed,0,74.0,468.3,79.2,467.1,5.35,1.00,0.50,3,0.452
2,5,MATCHED,716.4,390.7,739.0,427.4,0.557,NONE,MEDIUM,Confirmed,0,728.2,407.2,727.7,409.0,1.92,1.00,0.60,8,0.205
2,6,MATCHED,652.4,396.6,674.7,430.1,0.697,NONE,MEDIUM,Confirmed,0,664.1,411.9,663.5,413.4,1.65,1.00,0.60,6,0.178
2,7,MATCHED,828.3,372.8,850.0,406.8,0.569,NONE,MEDIUM,Confirmed,0,839.4,388.9,839.1,389.8,0.92,1.00,0.60,7,0.123
2,8,MATCHED,862.4,388.0,881.7,422.3,0.538,NONE,MEDIUM,Confirmed,0,872.4,404.0,872.0,405.1,1.22,1.00,0.60,9,0.141
2,9,MISSED,0.0,0.0,0.0,0.0,0.386,NONE,FAR,Candidate,1,1021.0,99.5,1021.0,99.5,0.00,1.17,0.45,-1,0.000
2,10,MATCHED,861.1,307.6,875.3,331.7,0.951,NONE,MEDIUM,Confirmed,0,868.8,320.0,868.2,319.6,0.73,1.00,0.60,0,0.107
2,11,MATCHED,424.5,333.4,441.8,352.8,0.893,NONE,MEDIUM,Confirmed,0,431.8,341.8,433.2,343.1,1.88,1.00,0.60,2,0.210
2,13,MISSED,0.0,0.0,0.0,0.0,0.257,NONE,MEDIUM,Candidate,1,866.8,312.5,866.8,312.5,0.00,1.00,0.45,-1,0.000
2,14,NEW,0.0,0.0,0.0,0.0,0.381,NONE,MEDIUM,Candidate,0,290.2,372.8,290.2,372.8,0.00,1.00,0.50,-1,0.000
3,1,MATCHED,381.6,337.9,395.9,357.8,0.836,NONE,MEDIUM,Confirmed,0,387.0,349.0,388.8,347.8,2.17,1.00,0.70,3,0.266
3,2,MATCHED,810.5,540.9,850.4,610.0,0.793,NONE,NEAR,Confirmed,0,830.2,571.9,830.4,575.5,3.52,1.00,0.70,4,0.192
3,3,MATCHED,915.5,277.2,924.5,291.8,0.890,NONE,FAR,Confirmed,0,920.4,283.3,920.0,284.5,1.23,1.00,0.70,2,0.133
3,4,MATCHED,76.8,443.0,107.6,483.3,0.671,NONE,MEDIUM,Confirmed,0,87.4,464.6,92.2,463.2,5.01,1.00,0.60,5,0.350
3,5,MATCHED,714.6,396.5,737.7,432.4,0.658,NONE,MEDIUM,Confirmed,0,726.7,412.4,726.2,414.4,2.06,1.00,0.70,6,0.168
3,6,MATCHED,650.9,398.0,673.7,434.3,0.496,NONE,MEDIUM,Confirmed,0,662.7,415.1,662.3,416.1,1.14,1.00,0.70,9,0.127
3,7,MATCHED,827.7,376.1,849.8,410.1,0.634,NONE,MEDIUM,Confirmed,0,838.9,391.9,838.8,393.1,1.21,1.00,0.70,7,0.113
3,8,MATCHED,861.6,391.8,880.9,425.7,0.590,NONE,MEDIUM,Confirmed,0,871.6,407.4,871.3,408.8,1.36,1.00,0.70,8,0.127
3,9,MISSED,0.0,0.0,0.0,0.0,0.386,NONE,FAR,Candidate,2,1021.0,99.5,1021.0,99.5,0.00,1.17,0.40,-1,0.000
3,10,MATCHED,859.1,311.1,873.7,333.2,0.990,NONE,MEDIUM,Confirmed,0,867.1,321.3,866.4,322.2,1.08,1.00,0.70,0,0.114
3,11,MATCHED,428.2,333.6,445.1,351.8,0.936,NONE,MEDIUM,Confirmed,0,435.4,342.8,436.7,342.7,1.30,1.00,0.70,1,0.136
3,13,MISSED,0.0,0.0,0.0,0.0,0.257,NONE,MEDIUM,Candidate,2,866.8,312.5,866.8,312.5,0.00,1.00,0.40,-1,0.000
3,14,MATCHED,290.2,368.4,300.7,376.9,0.474,NONE,MEDIUM,Confirmed,0,293.6,372.7,295.4,372.7,1.81,1.00,0.60,12,0.270
3,15,NEW,0.0,0.0,0.0,0.0,0.482,NONE,NEAR,Candidate,0,7.3,504.7,7.3,504.7,0.00,1.00,0.50,-1,0.000
3,16,NEW,0.0,0.0,0.0,0.0,0.351,NONE,MEDIUM,Candidate,0,378.0,312.1,378.0,312.1,0.00,1.00,0.50,-1,0.000
3,17,NEW,0.0,0.0,0.0,0.0,0.283,NONE,MEDIUM,Candidate,0,252.9,392.8,252.9,392.8,0.00,1.00,0.50,-1,0.000
3,18,NEW,0.0,0.0,0.0,0.0,0.274,NONE,MEDIUM,Candidate,0,931.9,309.0,931.9,309.0,0.00,1.00,0.50,-1,0.000
4,1,MATCHED,386.6,340.4,399.9,355.8,0.913,NONE,MEDIUM,Confirmed,0,392.3,348.0,393.2,348.1,0.95,1.00,0.80,3,0.181
4,2,MATCHED,811.1,549.3,851.4,619.8,0.758,NONE,NEAR,Confirmed,0,830.9,582.3,831.3,584.5,2.31,1.00,0.80,4,0.095
4,3,MATCHED,915.1,272.8,924.0,291.4,0.940,NONE,FAR,Confirmed,0,919.6,283.0,919.6,282.1,0.91,1.00,0.80,2,0.133
4,4,MATCHED,90.4,437.6,120.2,478.5,0.754,NONE,MEDIUM,Confirmed,0,102.3,459.5,105.3,458.0,3.35,1.00,0.70,6,0.200
4,5,MATCHED,712.7,398.7,738.1,437.6,0.637,NONE,MEDIUM,Confirmed,0,725.5,417.4,725.4,418.1,0.76,1.00,0.80,11,0.120
4,6,MATCHED,646.9,399.4,674.9,437.5,0.659,NONE,MEDIUM,Confirmed,0,661.2,418.1,660.9,418.5,0.43,1.00,0.80,10,0.160
4,7,MATCHED,827.9,378.8,849.5,413.0,0.749,NONE,MEDIUM,Confirmed,0,838.6,395.1,838.7,395.9,0.73,1.00,0.80,7,0.063
4,8,MATCHED,861.4,394.8,880.7,428.8,0.687,NONE,MEDIUM,Confirmed,0,871.0,411.1,871.1,411.8,0.72,1.00,0.80,9,0.062
4,10,MATCHED,857.3,311.3,872.6,334.1,0.990,NONE,MEDIUM,Confirmed,0,865.3,322.3,864.9,322.7,0.50,1.00,0.80,1,0.046
4,11,MATCHED,431.9,332.5,449.5,350.2,0.990,NONE,MEDIUM,Confirmed,0,439.7,342.3,440.7,341.3,1.39,1.00,0.80,0,0.129
4,14,MATCHED,295.7,365.3,307.4,376.9,0.757,NONE,MEDIUM,Confirmed,0,299.3,371.7,301.5,371.1,2.30,1.00,0.70,5,0.346
4,15,MISSED,0.0,0.0,0.0,0.0,0.482,NONE,NEAR,Candidate,1,7.3,504.7,7.3,504.7,0.00,1.00,0.45,-1,0.000
4,16,MISSED,0.0,0.0,0.0,0.0,0.351,NONE,MEDIUM,Candidate,1,378.0,312.1,378.0,312.1,0.00,1.00,0.45,-1,0.000
4,17,MATCHED,246.4,374.2,270.4,405.9,0.489,NONE,MEDIUM,Confirmed,0,256.5,391.0,258.4,390.1,2.14,1.00,0.60,13,0.241
4,18,MISSED,0.0,0.0,0.0,0.0,0.274,NONE,MEDIUM,Candidate,1,931.9,309.0,931.9,309.0,0.00,1.16,0.45,-1,0.000
5,1,MATCHED,391.5,338.3,404.8,354.4,0.915,NONE,MEDIUM,Confirmed,0,397.8,346.4,398.2,346.3,0.37,1.00,0.90,2,0.004
5,2,MATCHED,811.8,559.7,854.2,630.9,0.691,NONE,NEAR,Confirmed,0,832.4,593.8,833.0,595.3,1.61,1.00,0.90,7,0.041
5,3,MATCHED,914.6,273.4,923.5,292.0,0.934,NONE,FAR,Confirmed,0,919.0,283.1,919.0,282.7,0.40,1.00,0.90,1,-0.052
5,4,MATCHED,103.5,436.3,132.1,473.5,0.723,NONE,MEDIUM,Confirmed,0,116.9,455.1,117.8,454.9,0.91,1.00,0.80,5,0.278
5,5,MATCHED,711.2,402.7,737.1,441.9,0.638,NONE,MEDIUM,Confirmed,0,724.2,422.2,724.1,422.3,0.13,1.00,0.90,9,0.015
5,6,MATCHED,645.8,403.2,673.9,441.0,0.600,NONE,MEDIUM,Confirmed,0,659.8,421.8,659.8,422.1,0.36,1.00,0.90,10,0.002
5,7,MATCHED,826.1,379.0,849.8,415.5,0.792,NONE,MEDIUM,Confirmed,0,838.0,397.5,837.9,397.3,0.25,1.00,0.90,4,-0.004
5,8,MATCHED,860.4,396.9,881.0,432.2,0.667,NONE,MEDIUM,Confirmed,0,870.6,414.5,870.7,414.6,0.15,1.00,0.90,8,-0.017
5,10,MATCHED,856.9,312.9,871.4,335.8,0.990,NONE,MEDIUM,Confirmed,0,864.0,323.9,864.1,324.3,0.47,1.00,0.90,0,-0.059
5,11,MATCHED,435.8,332.5,451.2,349.1,0.899,NONE,MEDIUM,Confirmed,0,443.4,341.5,443.5,340.8,0.73,1.00,0.90,3,0.008
5,14,MATCHED,301.1,364.2,311.6,376.8,0.279,NONE,MEDIUM,Confirmed,0,305.2,370.7,306.4,370.5,1.18,1.00,0.80,16,0.238
5,15,MISSED,0.0,0.0,0.0,0.0,0.482,NONE,NEAR,Candidate,2,7.3,504.7,7.3,504.7,0.00,1.00,0.40,-1,0.000
5,16,MISSED,0.0,0.0,0.0,0.0,0.351,NONE,MEDIUM,Candidate,2,378.0,312.1,378.0,312.1,0.00,1.00,0.40,-1,0.000
5,17,MATCHED,252.2,372.2,275.3,403.4,0.517,NONE,MEDIUM,Confirmed,0,261.8,388.7,263.8,387.8,2.14,1.00,0.70,12,0.205
5,18,MISSED,0.0,0.0,0.0,0.0,0.274,NONE,MEDIUM,Candidate,2,931.9,309.0,931.9,309.0,0.00,1.16,0.40,-1,0.000
5,19,NEW,0.0,0.0,0.0,0.0,0.327,NONE,MEDIUM,Candidate,0,636.2,314.2,636.2,314.2,0.00,1.00,0.50,-1,0.000
6,1,LOST,0.0,0.0,0.0,0.0,0.915,NONE,MEDIUM,Lost,1,403.4,344.8,403.4,344.8,0.00,1.04,0.85,-1,0.004
6,2,MATCHED,814.0,569.0,854.9,641.4,0.667,NONE,NEAR,Confirmed,0,834.0,605.0,834.4,605.2,0.43,1.00,1.00,8,0.098
6,3,LOST,0.0,0.0,0.0,0.0,0.934,NONE,FAR,Lost,1,918.2,283.6,918.2,283.6,0.00,1.02,0.85,-1,-0.052
6,4,LOST,0.0,0.0,0.0,0.0,0.723,NONE,MEDIUM,Lost,1,131.8,450.5,131.8,450.5,0.00,1.05,0.75,-1,0.278
6,5,MATCHED,710.2,409.5,735.4,447.5,0.712,NONE,MEDIUM,Confirmed,0,722.8,428.0,722.8,428.5,0.43,1.00,1.00,5,-0.013
6,6,MATCHED,645.1,406.1,672.0,446.1,0.712,NONE,MEDIUM,Confirmed,0,658.5,425.8,658.6,426.1,0.29,1.00,1.00,6,-0.003
6,7,MATCHED,826.7,381.5,849.1,418.2,0.575,NONE,MEDIUM,Confirmed,0,837.8,400.0,837.9,399.8,0.21,1.00,1.00,12,-0.019
6,8,MATCHED,860.7,400.3,880.8,436.5,0.588,NONE,MEDIUM,Confirmed,0,870.5,418.3,870.8,418.4,0.30,1.00,1.00,10,-0.008
6,10,MATCHED,856.6,314.8,870.1,337.7,0.990,NONE,MEDIUM,Confirmed,0,863.0,325.9,863.3,326.2,0.50,1.00,1.00,1,-0.037
6,11,LOST,0.0,0.0,0.0,0.0,0.899,NONE,MEDIUM,Lost,1,447.4,341.4,447.4,341.4,0.00,1.07,0.85,-1,0.008
6,14,MATCHED,305.9,359.3,320.7,379.6,0.556,NONE,MEDIUM,Confirmed,0,312.3,369.6,313.3,369.5,1.05,1.00,0.80,14,0.231
6,17,MATCHED,257.1,371.3,280.5,401.6,0.584,NONE,MEDIUM,Confirmed,0,267.6,386.6,268.8,386.4,1.22,1.00,0.80,11,0.122
6,19,MISSED,0.0,0.0,0.0,0.0,0.327,NONE,MEDIUM,Candidate,1,636.2,314.2,636.2,314.2,0.00,1.00,0.45,-1,0.000
7,1,RECOVERED,398.8,328.0,416.0,352.1,0.797,NONE,MEDIUM,Confirmed,0,407.0,341.4,407.4,340.1,1.42,1.00,0.95,3,0.177
7,2,LOST,0.0,0.0,0.0,0.0,0.667,NONE,NEAR,Lost,1,835.4,616.7,835.4,616.7,0.00,1.02,0.95,-1,0.098
7,3,RECOVERED,913.7,274.6,922.2,293.1,0.926,NONE,FAR,Confirmed,0,917.9,283.8,917.9,283.9,0.05,1.00,0.95,2,-0.030
7,4,RECOVERED,128.4,428.6,155.7,464.4,0.668,NONE,MEDIUM,Confirmed,0,141.2,447.1,142.0,446.5,1.04,1.00,0.85,6,0.350
7,5,LOST,0.0,0.0,0.0,0.0,0.712,NONE,MEDIUM,Lost,1,721.4,433.7,721.4,433.7,0.00,1.03,0.95,-1,-0.013
7,6,LOST,0.0,0.0,0.0,0.0,0.712,NONE,MEDIUM,Lost,1,657.0,429.7,657.0,429.7,0.00,1.09,0.95,-1,-0.003
7,7,MATCHED,825.3,383.4,849.2,421.8,0.680,NONE,MEDIUM,Confirmed,0,837.3,402.7,837.3,402.6,0.07,1.00,1.00,5,-0.016
7,8,MATCHED,856.9,401.6,880.7,439.9,0.652,NONE,MEDIUM,Confirmed,0,869.3,421.2,868.8,420.8,0.67,1.00,1.00,7,0.074
7,10,MATCHED,855.3,316.7,869.1,339.0,0.990,NONE,MEDIUM,Confirmed,0,862.0,327.7,862.2,327.8,0.24,1.00,1.00,1,-0.059
7,11,RECOVERED,443.9,330.6,460.1,347.9,0.990,NONE,MEDIUM,Confirmed,0,451.1,340.0,452.0,339.2,1.14,1.00,0.95,0,0.026
7,14,LOST,0.0,0.0,0.0,0.0,0.556,NONE,MEDIUM,Lost,1,318.8,368.6,318.8,368.6,0.00,1.10,0.75,-1,0.231
7,17,MATCHED,262.3,365.8,285.1,398.8,0.280,NONE,MEDIUM,Confirmed,0,273.4,383.1,273.7,382.3,0.88,1.00,0.90,14,0.059
7,19,MISSED,0.0,0.0,0.0,0.0,0.327,NONE,MEDIUM,Candidate,2,636.2,314.2,636.2,314.2,0.00,1.00,0.40,-1,0.000
